se4_lag,se1_frc,se1_wattemp,se1_cond,se4_frc
7.1,0.6,,,0.21
7.183333333,0.62,,,0.28
7.316666667,0.58,,,0.2
7.366666667,0.69,,,0.31
7.05,0.58,,,0.3
6.8,0.68,,,0.38
6.45,0.9,,,0.52
17.03333333,0.86,,,0.3
6.35,0.85,,,0.43
17.4,0.76,,,0.32
16.16666667,0.58,,,0.12
17.26666667,0.82,,,0.5
16.16666667,0.56,,,0.15
16.31666667,0.86,,,0.25
16.13333333,0.55,,,0.12
15.78333333,1.05,,,0.55
6.966666667,0.58,,,0.21
15.78333333,0.95,,,0.44
15.86666667,1,,,0.51
15.83333333,0.84,,,0.42
17.83333333,0.43,23.1,432,0.22
17.75,0.3,23.1,423,0.21
17.81666667,0.36,22.3,423,0.11
5.616666667,0.64,,,0.28
5.533333333,0.67,,,0.25
5.783333333,0.99,24.1,238,0.67
4.633333333,0.89,24.6,295,0.32
17,0.36,25.1,283,0.13
17.11666667,0.37,25.9,282,0.17
6.15,0.56,22.7,,0.19
17.01666667,0.39,26.5,291,0.22
6.216666667,0.53,22.6,0,0.23
6.05,1.29,25.8,465,0.88
6.3,0.45,22.4,,0.28
6.05,0.94,22.9,464,0.03
16.33333333,1.39,25.8,,0.42
6.066666667,0.6,25.2,,0.19
6.55,0.91,24.5,,0.33
6.6,0.79,24.3,,0.31
16.16666667,1.07,,,0.52
16.13333333,1,,,0.6
16.1,1.08,,,0.54
16.08333333,0.99,,,0.5
16.05,1.02,,,0.44
16.15,0.57,,,0.14
16.23333333,0.43,,,0.06
16.18333333,0.61,,,0.13
16.16666667,0.52,,,0.09
16.1,0.52,,,0.11
16.2,0.96,,,0.36
16.2,0.83,,,0.24
16.18333333,0.91,,,0.3
16.08333333,0.86,,,0.16
15.96666667,0.92,,,0.21
16.81666667,0.56,22.6,286,0.41
6.166666667,0.79,,,0.39
16.73333333,0.48,22.5,286,0.31
6.183333333,0.87,,,0.43
17.85,0.52,22.5,282,0.26
6.15,0.95,,,0.52
16.85,0.54,22.3,283,0.12
6.216666667,0.81,,,0.4
6.85,0.58,,,0.38
6.8,0.68,,,0.36
6.8,0.7,,,0.26
6.133333333,0.9,,,0.45
4.883333333,0.68,,,0.37
16.55,0.81,21.1,421,0.31
6.683333333,0.68,,,0.3
4.85,0.65,,,0.4
16.91666667,0.82,22.3,423,0.61
6.75,0.65,,,0.28
4.95,0.58,,,0.36
16.8,0.88,22.3,418,0.43
4.933333333,0.6,,,0.34
7.3,0.58,,,0.28
16.83333333,0.83,22.1,432,0.51
4.9,0.57,,,0.32
7.283333333,0.68,,,0.3
6.133333333,0.66,,,0.28
7.25,0.7,,,0.26
18.01666667,0.51,22.1,416,0.41
6.083333333,0.61,,,0.15
7.066666667,0.58,,,0.26
6.05,0.5,,,0.24
7.15,0.69,,,0.25
6.133333333,0.45,,,0.18
6.783333333,0.56,,,0.25
6.15,0.52,,,0.21
6.733333333,0.81,,,0.38
6.616666667,0.76,,,0.32
7.5,0.86,,,0.46
6.083333333,0.32,,,0.11
6.1,0.28,,,0.09
6.066666667,0.29,,,0.11
6.033333333,0.25,,,0.06
6.016666667,0.26,,,0.05
4.966666667,0.83,23.2,,0.34
5.333333333,0.85,22.6,,0.33
5.316666667,0.87,22.7,,0.42
5.3,0.79,22.8,,0.39
5.383333333,0.86,22.4,,0.44
16.13333333,0.6,,,0.16
6.166666667,0.48,22.9,,0.27
6.166666667,0.53,23.1,,0.23
6.833333333,0.62,,,0.25
6.633333333,0.8,,,0.3
6.666666667,0.7,,,0.28
16.85,0.69,,,0.38
17.15,0.78,,,0.25
5.95,0.59,22.7,,0.24
6.083333333,0.66,22.9,,0.29
5.733333333,0.63,24.6,432,0.43
6.15,0.62,22.8,,0.23
16.11666667,0.51,,,0.15
6.183333333,0.52,22.6,,0.21
6.233333333,0.82,24.3,432,0.52
6.333333333,1.11,24.3,431,0.63
6.216666667,0.32,22.4,,0.16
16.35,0.91,,,0.61
6.083333333,1.12,24.1,426,0.31
17.3,0.69,,,0.3
7.916666667,0.85,23.2,,0.39
16.33333333,0.89,,,0.51
6.8,0.91,24.3,421,0.53
17.35,0.82,,,0.42
8.283333333,0.64,22.4,,0.26
17.25,0.68,,,0.26
7.966666667,0.66,22.4,,0.31
16.33333333,0.85,,,0.36
6.466666667,0.82,24.6,282,0.51
7.533333333,0.79,22.5,,0.32
17.23333333,0.8,,,0.25
7.266666667,0.74,22.6,,0.19
17.18333333,0.76,,,0.4
16.25,0.75,,,0.22
6.283333333,0.53,24.3,236,0.21
16.35,0.48,,,0.2
7,0.55,24.6,230,0.31
16.2,0.81,,,0.4
16.2,0.4,,,0.15
15.78333333,1.02,,,0.47
16.36666667,0.48,,,0.18
6.05,1.12,24.1,238,0.32
16.23333333,0.68,,,0.3
5.95,1.18,24.3,237,0.75
17.53333333,0.98,23.5,,0.34
5.9,1.05,24.3,236,0.88
17.55,0.71,23.9,,0.18
17.61666667,0.68,23.8,,0.19
17.58333333,0.67,23.8,,0.21
17.61666667,0.65,24.1,,0.17
16.4,0.51,24.9,,0.16
16.53333333,0.55,25.1,,0.22
16.51666667,0.62,25.5,,0.21
16.46666667,0.54,25.6,,0.17
16.48333333,0.59,25.4,,0.18
16.25,1.21,24.9,,0.3
16.25,1.29,24.9,,0.34
16.25,1.42,25.3,,0.48
16.28333333,1.36,25.5,,0.39
16.1,1.12,,,0.32
4.9,1.09,25.1,287,0.61
4.8,1.1,24.4,288,0.32
4.733333333,1.1,23.4,290,0.81
4.516666667,0.26,23.1,,0.13
5.35,0.71,22.6,362,0.63
6.183333333,0.76,,,0.4
4.533333333,0.26,22.7,,0.14
6.066666667,0.8,,,0.36
5.65,1.81,22.6,321,0.53
4.55,0.23,22.2,,0.13
5.583333333,1.28,23.4,293,0.92
4.533333333,0.24,22.6,,0.08
5.533333333,2.07,22.4,306,1.33
4.533333333,0.19,22.4,,0.09
5,0.51,23.6,286,0.35
4.216666667,0.52,23.7,,0.24
4.85,0.48,23.7,284,0.22
4.283333333,0.53,23.6,,0.28
4.783333333,0.42,23.6,284,0.34
4.283333333,0.51,23.7,,0.21
4.633333333,0.45,24.2,286,0.27
4.3,0.59,23.4,,0.22
4.833333333,0.81,23.6,286,0.32
4.383333333,0.58,23.3,,0.26
6.116666667,0.88,,,0.38
5.316666667,1.52,24.1,,0.45
6.2,0.83,,,0.38
5.383333333,1.54,23.9,,0.44
6.383333333,0.9,,,0.5
5.366666667,1.5,24.6,,0.42
5.266666667,0.71,,,0.25
5.316666667,1.12,23.4,,0.29
5.366666667,0.58,,,0.18
5.35,0.46,23.4,,0.18
5.533333333,0.69,,,0.2
4.983333333,0.42,23.9,,0.16
16.55,0.52,25.9,294,0.24
5.783333333,0.48,,,0.18
5.666666667,0.37,23.9,,0.13
16.65,0.52,26.1,296,0.32
5.666666667,0.48,,,0.21
5.75,0.38,23.8,,0.13
16.6,0.61,25.8,293,0.26
7.1,0.52,,,0.17
5.75,0.37,23.8,,0.11
16.66666667,0.68,26.8,299,0.28
6.966666667,0.42,,,0.26
5.7,0.32,23.9,,0.12
16.73333333,0.73,26.4,301,0.42
6.95,0.48,,,0.2
5.666666667,1.06,24.4,,0.36
16.76666667,0.33,25.1,269,0.18
6.866666667,0.52,,,0.15
5.7,1.1,24.6,,0.34
6.866666667,0.52,,,0.25
5.716666667,1.09,24.6,,0.33
7.15,0.4,,,0.21
5.65,1.11,24.3,,0.39
5.7,0.91,23.5,,0.36
6.916666667,0.42,,,0.31
5.983333333,0.62,25.4,,0.27
6.85,0.48,,,0.18
6.016666667,0.68,25.4,,0.31
16.1,1.06,,,0.26
6.033333333,0.64,25.3,,0.22
6.016666667,0.69,25.3,,0.23
15.06666667,1.3,,,0.39
6.866666667,0.68,,,0.25
6.55,0.84,24.2,,0.34
16.1,1.26,,,0.45
16.05,0.67,,,0.28
7.116666667,0.53,,,0.2
17.5,0.67,21.4,462,0.41
15.75,0.8,,,0.39
17.38333333,0.66,21.3,452,0.41
7.05,0.56,,,0.32
15.71666667,0.75,,,0.33
17.55,0.65,23.1,463,0.31
7.05,0.42,,,0.18
17.5,0.63,23.1,442,0.31
6.95,0.42,,,0.25
17.46666667,0.68,23.1,462,0.21
6.816666667,0.48,,,0.21
6.466666667,0.68,,,0.32
17.35,0.55,25.6,293,0.28
17.31666667,0.84,25.9,292,0.21
14.7,0.81,,,0.37
17.35,0.55,25.3,293,0.33
15.6,0.78,,,0.34
17.48333333,0.53,24.5,298,0.34
15.75,0.71,,,0.26
5.666666667,0.72,,,0.41
5.616666667,0.61,,,0.34
5.566666667,0.55,,,0.19
5.216666667,1.12,24.3,468,0.89
5.6,1.03,24.1,469,0.63
5.783333333,1.11,24.1,481,0.68
6.583333333,0.86,24.4,,0.42
6.583333333,0.85,24.5,,0.36
5.866666667,0.32,28.1,395,0.08
16.16666667,0.58,27.6,,0.14
5.75,0.08,27.9,349,0.11
16.28333333,0.52,27.4,,0.23
16.23333333,0.55,27.6,,0.28
16.4,0.55,27,,0.39
16.41666667,0.54,27.3,,0.34
16.51666667,1.28,27.2,,0.66
16.31666667,1.28,27.2,,0.78
16.18333333,0.52,27.7,305,0.2
16.1,0.52,27.5,305,0.32
16.25,0.52,27.6,308,0.15
16.21666667,0.52,27.7,306,0.11
16.16666667,0.78,27.4,306,0.5
15.96666667,0.78,27.5,331,0.54
16.41666667,1.2,27.6,,0.55
15.91666667,1.26,27.7,304,1.2
16.31666667,1.23,27.3,,0.46
15.88333333,1.44,27.7,305,0.8
15.93333333,1.09,27.3,303,0.47
16.33333333,1.19,27.4,,0.8
5.8,0.31,28.8,350,0.01
15.98333333,0.96,27.2,305,0.19
16.13333333,0.52,27.8,309,0.28
5.966666667,0.31,28.6,342,0.08
16.11666667,0.6,27.6,310,0.26
15.95,1.99,28.1,,1.38
16.08333333,0.6,27.9,304,0.11
15.9,1.95,28.1,,1.34
16,0.55,27.7,309,0.01
5.616666667,1.06,27.2,357,0.79
15.9,2.04,27.6,,0.54
15.8,0.66,27.9,309,0.32
5.483333333,1.43,27.3,349,0.87
15.83333333,1.76,27.6,,1.3
16.2,3.46,27.2,319,2.06
16.18333333,1.87,27.4,,0.87
16.18333333,2.69,27.6,322,1.9
17.7,0.54,27.3,,0.53
16.16666667,2.63,27.4,321,2.33
16.18333333,2.51,27.3,319,1.81
16.16666667,0.7,27.4,311,0.21
16.28333333,0.55,27.4,309,0.1
16.33333333,0.6,27.8,309,0.15
5.366666667,1.3,27.4,347,0.6
15.71666667,0.86,27.4,,0.7
5.216666667,1.22,27.2,349,0.54
16.4,0.63,28.8,,0.27
6,0.37,28.2,349,0.1
5.783333333,0.36,27.9,352,0.14
16.36666667,0.84,27.7,,0.2
5.833333333,0.3,28.2,350,0.18
5.733333333,0.23,28,350,0.04
16.28333333,0.49,27.5,,0.1
16.31666667,0.67,27.5,308,0.06
16.23333333,0.85,27.2,,0.35
5.833333333,0.53,28.5,349,0.19
5.633333333,0.01,27.7,477,0.01
16.26666667,0.99,27.3,,0.41
5.633333333,0.05,27.5,471,0.03
5.566666667,0.04,27.7,472,0.04
5.366666667,0.06,28.1,471,0.06
5.383333333,0.1,28.3,474,0.03
5.65,0.04,27.1,470,0.01
16.48333333,0.75,27.2,,0.17
5.6,0.7,27.1,293,0.4
14.88333333,0.94,27.9,,0.15
5.5,0.76,27.4,293,0.35
16.33333333,0.58,27.7,309,0.06
5.566666667,0.65,27.9,291,0.54
5.733333333,0.33,27.7,477,0.02
5.566666667,0.27,27.9,473,0.05
5.45,0.22,27.6,469,0.02
5.216666667,0.43,28.2,472,0.05
5.85,0.11,28.7,346,0.08
5.45,1.68,27.3,349,0.27
16.66666667,0.72,29,294,0.36
16.13333333,0.68,27.6,296,0.32
16.15,0.63,27.3,293,0.11
16.2,0.67,27.3,290,0.28
16.26666667,0.65,28,292,0.53
16.13333333,0.75,27.5,290,0.04
16.38333333,0.77,28.1,293,0.02
15.51666667,0.64,28.3,291,0.48
14.95,0.64,28.5,297,0.15
14.95,0.48,28.4,292,0.04
15.83333333,0.79,29.1,300,0.03
15.8,0.87,28.3,293,0.48
15.8,0.81,29,293,0.49
15.9,0.67,28.5,293,0.2
15.76666667,0.81,28.3,293,0.52
15.8,0.84,28.3,292,0.12
16.68333333,0.41,27.9,296,0.03
16.35,0.5,27.6,292,0.47
15.9,0.58,27.4,292,0.48
16.2,0.55,28,291,0.56
16.35,0.67,27.8,291,0.44
16.3,0.6,27.8,291,0.09
16.35,0.84,27.9,345,0.31
16.33333333,0.82,27.9,346,0.19
16.33333333,0.84,28,350,0.14
16.33333333,0.78,28,345,0.01
16.35,0.82,28.2,348,0.39
16.36666667,0.82,28,345,0.17
6.15,0.41,27.7,338,0.41
6.083333333,0.79,27.2,330,0.67
6,0.78,27.2,330,0.36
5.883333333,0.76,27.8,331,0.44
5.833333333,0.74,27,331,0.34
4.883333333,0.66,26.7,,0.45
6.366666667,1.45,27.2,335,0.99
6.516666667,1.16,27.2,334,0.49
5.016666667,0.42,26.7,,0.33
6.183333333,1.09,28,331,0.69
5.033333333,0.49,27,,0.32
5.783333333,1.64,27.3,335,1.1
5,0.64,27,,0.52
6.033333333,1.29,28,334,0.78
4.983333333,0.97,27.1,,0.65
6.2,0.63,28.7,488,0.23
5.85,0.86,27.7,,0.57
6.133333333,0.78,28.2,374,0.59
5.65,0.9,27.4,,0.84
6.033333333,0.69,27.9,356,0.24
5.633333333,0.92,27.4,,0.67
5.916666667,0.8,27.7,390,0.45
5.533333333,0.94,28,,0.65
5.966666667,0.8,27.5,376,0.5
5.483333333,0.97,27.7,,0.57
5.8,0.47,29.9,329,0.31
6.05,0.78,27.6,,0.56
6.4,0.57,27.5,409,0.37
6.233333333,0.8,27.4,,0.59
6.45,0.58,28.2,411,0.49
6.3,0.55,27.9,,0.36
6.283333333,0.65,28,377,0.51
6.283333333,0.65,28.2,,0.45
6.25,0.89,29.3,353,0.63
6.25,0.79,27.9,,0.46
6.283333333,0.7,28.3,357,0.38
6.4,0.71,28.5,,0.52
6.316666667,0.73,28.3,311,0.28
6.633333333,0.63,28.1,317,0.41
6.35,0.64,27.6,,0.33
6.616666667,0.47,27.4,309,0.33
6.05,0.67,27.7,,0.34
6.633333333,1.01,27.9,314,0.9
6.033333333,0.54,27.4,,0.28
6.683333333,0.98,27.7,308,0.83
5.966666667,0.66,27.4,,0.29
6.683333333,0.93,27.8,308,0.52
5.933333333,0.45,27.4,,0.15
6.666666667,1.06,28,306,0.84
5.916666667,0.48,27.9,,0.25
6.6,1.55,27.2,323,0.37
5.133333333,0.08,27,,0.05
6.566666667,1.45,28,309,1.27
5.066666667,0,27.5,,0.01
6.4,1.7,27.3,309,1.35
5.05,0.19,27.7,,0.08
6.233333333,1.54,27,307,1.2
5.066666667,0.1,27.4,,0.12
6.316666667,1.45,27.2,307,1.29
5.233333333,0.11,27.6,,0.05
6.316666667,1.54,27.6,310,1.38
5.25,0.04,27.6,,0.01
5.65,0.06,27.3,,0.01
5.55,0.02,27.2,,0.01
5.533333333,0.07,27.3,,0.08
5.466666667,0.05,27.8,,0.09
5.483333333,0.13,27.6,,0.11
5.483333333,0.14,27.8,,0.03
6.1,0.52,28.1,306,0.29
5.7,0.48,28,308,0.22
5.633333333,0.23,27.3,410,0.21
5.45,0.57,28.2,382,0.14
5.483333333,0.52,26.8,350,0.02
16.23333333,0.36,28.4,,0.03
6.166666667,0.66,26.8,342,0.27
16.13333333,0.32,28.1,,0.06
16.16666667,0.83,28.3,311,0.27
16.15,0.29,28.1,,0.05
6.3,0.67,26.8,326,0.37
16.16666667,0.72,28.3,306,0.2
6.333333333,0.64,27.8,338,0.33
16.13333333,0.21,28,,0.08
16.1,0.79,28.43,305,0.13
16.08333333,0.26,27.9,,0.03
6.3,0.64,27.5,330,0.45
16.13333333,0.63,28.1,302,0.18
16.08333333,0.37,28.1,304,0.22
6.783333333,0.28,28,489,0.01
6.766666667,0.38,28,473,0.02
6.716666667,0.25,27.8,473,0.04
6.5,0.53,28.3,478,0.04
6.466666667,0.12,28.5,478,0.11
17.41666667,0.73,27.6,,0.56
6.433333333,0.18,28,474,0.11
17.38333333,0.75,26.7,,0.45
6.433333333,0.94,28,292,0.17
17.46666667,0.74,28.3,,0.42
6.383333333,0.93,28.2,292,0.33
17.45,0.72,27.5,,0.49
6.366666667,0.95,27.9,291,0.04
17.53333333,0.72,27.6,,0.53
6.4,0.91,27.8,291,0.03
6.333333333,0.82,28.1,291,0.21
6.016666667,0.19,27.8,472,0.08
16.48333333,0.8,27.8,311,0.33
5.933333333,0.08,27.8,426,0.09
16.41666667,0.67,28.1,308,0.42
5.416666667,0.12,28,462,0.09
16.46666667,0.65,28.3,307,0.5
5.4,0.15,28.4,465,0.04
16.5,0.61,28.2,307,0.18
6.1,0.52,28.2,471,0.06
6,0.06,28.4,472,0.11
5.933333333,0.37,28.2,472,0.12
5.933333333,0.47,28.5,475,0.13
5.983333333,0.53,28.3,477,0.01
16.03333333,0.93,28.4,294,0.75
5.866666667,0.78,27.7,,0.54
6.25,0.78,27.8,312,0.52
15.95,1,28.4,293,0.06
5.783333333,0.76,27.9,,0.65
16.21666667,1.1,28.5,532,0.45
6.266666667,0.86,27.7,315,0.18
15.96666667,1.04,28.2,293,0.42
16.25,0.85,27.9,367,0.45
5.733333333,0.96,27.5,313,0.61
14.96666667,0.92,28.6,292,0.77
16.51666667,0.89,28.4,523,0.14
15.76666667,0.85,28.6,299,0.16
7.1,0.84,26.8,309,0.72
15.81666667,1.01,28.8,293,0.37
6.433333333,0.81,27,307,0.52
16.33333333,0.88,28.2,498,0.35
15.8,0.94,28.1,292,0.35
6.083333333,0.71,27.2,311,0.28
5.883333333,0.05,28.2,,0.03
16.08333333,0.24,27.4,368,0.08
15.83333333,0.93,28.4,291,0.39
5.7,0.61,27.2,310,0.41
5.416666667,0.12,28.2,,0.08
16.06666667,0.26,27.5,389,0.11
7.166666667,0.67,27.3,311,0.23
15.71666667,1.05,28.2,292,0.61
5.85,0.11,28.9,,0.05
16,0.33,27.9,391,0.15
7.233333333,0.76,27.3,312,0.49
5.833333333,0.13,28.4,,0.06
15.96666667,0.34,27.6,379,0.09
6.6,0.92,27.8,314,0.58
6.766666667,0.66,28.1,312,0.48
6.783333333,0.68,27.8,311,0.73
6.2,1.01,28.4,310,0.55
6.166666667,1.66,28.5,312,0.34
6.233333333,1.41,28.3,310,1.11
6.433333333,1.37,29.3,312,0.45
6.316666667,0.32,27.7,,0.09
15.95,0.24,27.9,,0.18
6.45,0.31,27.7,,0.08
15.78333333,0.29,27.6,,0.11
6.133333333,0.47,27.9,,0.07
15.75,0.32,27.7,,0.2
6.333333333,0.38,27.6,,0.09
15.71666667,0.35,27.4,,0.21
15.7,0.36,28.1,,0.24
7.383333333,0.75,28.1,307,0.36
6.133333333,0.09,27.1,,0.02
6.966666667,0.69,28.8,311,0.35
6.083333333,0.1,26.9,,0.03
6.583333333,0.51,28.8,309,0.34
6.15,0.1,27.3,,0.06
6.116666667,0.59,28.8,311,0.34
5.683333333,0.13,27.3,,0.04
7.016666667,0.64,27.6,315,0.53
7.4,0.37,28.8,301,0.11
7.05,1.23,27.7,314,0.86
6.3,0.41,20.1,,0.1
6.333333333,0.58,28.4,293,0.02
7.633333333,0.67,27,312,0.46
6.316666667,0.44,27.9,,0.06
6.333333333,0.59,27.8,290,0.03
6.25,0.86,27.9,314,0.43
6.516666667,0.23,27.9,,0.03
6.233333333,0.42,28.6,291,0.14
5.983333333,0.85,27.6,312,0.63
5.966666667,0.59,28.5,,0.07
6.416666667,0.54,29.1,292,0.2
6.633333333,0.73,28,316,0.34
6.083333333,0.6,28.4,,0.08
6.6,0.71,28.1,311,0.61
5.8,0.48,27.5,,0.19
6.766666667,0.96,27.2,332,0.65
6.716666667,0.95,27,326,0.58
6.716666667,0.42,28.2,312,0.11
5.783333333,0.49,27.7,,0.2
6.85,1.09,27.2,327,0.37
5.783333333,0.4,28,,0.17
6.25,1.14,29.4,311,0.57
6.75,0.92,27.2,326,0.2
5.75,0.44,28,,0.31
6.8,0.82,27.2,325,0.07
5.75,0.46,28.2,,0.32
16.3,1.03,28.5,472,0.02
16.9,0.75,28.4,365,0.43
16.66666667,1.08,28.2,469,0.05
16.81666667,0.72,28.7,355,0.28
16.71666667,0.59,28.1,289,0.53
16.66666667,0.73,28.5,351,0.37
5.9,0.69,27.9,,0.4
16.75,0.69,27.9,290,0.5
16.73333333,0.53,27.8,340,0.15
5.883333333,0.66,28.1,,0.56
15.78333333,0.7,28,292,0.5
16.65,0.73,27.9,346,0.38
15.08333333,0.69,27.8,291,0.26
16.28333333,0.78,29.4,368,0.51
15.68333333,0.67,27.8,295,0.58
15.96666667,0.75,28.2,291,0.09
15.9,0.33,27.6,387,0.08
15.61666667,0.69,28.1,293,0.45
15.1,0.68,28.2,292,0.3
6.366666667,0.07,28.2,,0.04
16.05,0.86,28.6,294,0.48
6.2,0.19,27.7,,0.11
5.983333333,0.33,28.1,,0.19
5.733333333,0.73,27.8,,0.42
5.233333333,0.71,28.6,474,0.28
6.033333333,0.8,28,,0.43
6.516666667,0.99,28.7,306,0.98
6.15,0.83,28,,0.55
6.416666667,0.61,28.8,308,0.28
6.083333333,0.82,27.8,,0.51
6.45,0.86,27.5,,0.49
5.066666667,0.58,29.6,475,0.6
5.116666667,0.65,29.1,476,0.59
6.283333333,0.47,27.3,300,0.4
6.416666667,0.42,27.6,295,0.09
15.71666667,0.22,27.5,,0.06
6.4,0.76,27.2,,0.47
6.3,0.81,27.3,,0.43
6.2,0.27,27.9,290,0.1
6.383333333,0.72,27.4,,0.54
15.71666667,0.2,27.5,,0.04
6.333333333,0.73,,,0.43
6.216666667,0.51,28.2,292,0.06
6.916666667,1.45,,,0.75
15.88333333,0.21,27.6,,0.07
7.85,0.87,28.8,477,0.34
6.983333333,1.48,,,0.81
15.91666667,0.22,27.8,,0.08
6.983333333,1.4,,,0.74
7.883333333,0.95,28,472,0.09
7.016666667,1.43,,,0.8
7.8,0.83,29,474,0.07
17.03333333,1.54,27.3,346,1.23
7.533333333,0.72,28.5,472,0.12
6.7,0.74,,,0.38
6.683333333,0.69,,,0.41
16.05,1.68,27.5,319,1.38
15.63333333,1.82,27.6,313,0.94
6.666666667,0.69,,,0.52
16.1,0.46,29.5,334,0.04
16.06666667,0.39,28.9,306,0.13
6.716666667,0.66,,,0.34
6.766666667,0.73,27.8,291,0.35
6.766666667,0.74,27.8,291,0.48
16.03333333,0.41,28.3,306,0.08
15.98333333,0.39,28.1,308,0.18
6.8,0.72,28.1,292,0.2
15.96666667,0.45,28.6,308,0.1
5.683333333,0.48,,,0.25
15.9,0.45,28.1,308,0.19
5.8,0.52,,,0.29
5.916666667,0.79,28.3,476,0.1
6.016666667,0.82,28,470,0.42
16.4,0.31,28.5,,0.12
5.833333333,0.5,,,0.23
16.38333333,0.25,28.4,,0.04
5.766666667,0.53,,,0.3
5.833333333,0.54,,,0.26
16.51666667,1.27,28.3,310,0.84
16.51666667,1.06,28.3,307,0.24
16.46666667,0.31,28.6,,0.06
5.933333333,0.78,28.4,472,0.63
5.85,0.48,30.4,472,0.17
17.75,0.22,28.6,,0.05
16.55,0.63,28.7,308,0.22
5.866666667,0.77,27.5,,0.46
17.36666667,0.2,28.2,,0.06
16.51666667,0.65,28.8,305,0.25
16.48333333,0.83,28.2,305,0.46
0.183333333,0.12,27.9,,0.04
5.933333333,0.78,27.6,,0.49
16.5,0.48,28.7,317,0.09
16.23333333,0.15,27.9,,0.03
7.083333333,1.41,,,0.92
16.4,0.56,28.6,312,0.12
6.65,0.7,,,0.52
7.75,0.8,28.3,473,0.06
16.41666667,0.13,28.1,,0.04
6.75,0.58,27.4,292,0.58
6.716666667,0.58,27.3,289,0.26
6.016666667,0.84,28.4,472,0.76
16.5,1.37,28.1,313,1.12
16.5,1.06,28.3,311,0.68
16.5,0.91,28.2,309,0.22
5.216666667,0.48,28.6,484,0.04
6.466666667,0.51,27.7,307,0.41
6.483333333,1.45,28.1,304,1.01
16.66666667,1.54,27.4,321,0.74
15.93333333,0.24,27.4,,0.08
16.4,0.29,28.9,,0.1
16.5,0.21,28.7,,0.1
5.616666667,0.74,27.8,,0.36
5.65,0.72,27.7,,0.19
5.633333333,0.65,27.5,,0.4
5.616666667,0.71,27.6,,0.38
6.6,0.51,27.5,,0.36
6.766666667,0.92,27.3,312,0.39
7.133333333,0.76,28.4,291,0.23
6.55,0.52,28.1,,0.33
6.75,0.07,,,0.02
7.15,0.85,28.4,294,0.33
6.5,0.55,27.6,,0.24
7.166666667,0.78,28.4,290,0.51
6.75,1.14,27.6,316,0.99
7.116666667,0.74,29,295,0.01
7.2,1.03,27.6,312,0.68
6.766666667,0.1,,,0.05
6.583333333,0.95,27.7,,0.56
6.8,0.18,,,0.09
6.55,0.89,27.7,,0.52
6.8,0.13,,,0.04
6.45,0.96,28.2,,0.68
6.45,1.28,28.7,,0.83
6.85,0.49,28.2,313,0.09
6.116666667,1.01,28.4,,0.46
6.116666667,0.87,28.5,,0.42
16.11666667,0.66,,,0.01
6.9,0.6,27.3,309,0.33
16.53333333,0.63,28.2,297,0.55
6.016666667,0.84,29,,0.66
16.23333333,0.74,,,0.01
6,0.81,29.1,,0.52
16.3,0.68,,,0.2
6.933333333,0.7,27.3,309,0.45
16.38333333,0.71,,,0.18
7.016666667,0.76,27.5,310,0.48
16.36666667,0.72,,,0.4
16.31666667,0.77,,,0.58
16.33333333,0.89,,,0.46
6.616666667,0.24,27.8,306,0.07
6.183333333,0.23,28.2,,0.15
6.583333333,0.31,28.2,306,0.31
16.36666667,0.86,,,0.44
15.91666667,0.85,,,0.56
6.366666667,0.58,28.7,308,0.23
16.01666667,0.95,,,0.61
6.516666667,0.36,28.7,,0.16
16.05,0.96,,,0.58
6.766666667,0.46,27.8,305,0.39
15.98333333,0.42,,,0.21
16.06666667,0.36,,,0.18
15.91666667,0.54,28.3,291,0.38
6.733333333,0.89,28.2,306,0.71
15.61666667,0.66,27.7,289,0.24
16.28333333,0.37,28.3,293,0.02
16.38333333,0.4,28,294,0.14
16.16666667,0.93,,,0.63
16.38333333,0.33,28.7,291,0.13
16.2,0.91,,,0.52
16.38333333,0.33,28.2,299,0.22
16.6,1.12,28.5,473,0.25
6.55,0.44,28.3,,0.34
16.51666667,1.07,28.5,468,0.08
6.183333333,0.62,29.2,310,0.54
6.283333333,0.73,28.2,308,0.26
6.35,0.64,28.8,,0.15
6.183333333,1.35,27.8,,0.8
6.15,1.19,28,,0.82
5.966666667,0.57,28.1,305,0.18
6.133333333,1.09,28.2,,0.84
16.68333333,0.38,28.2,293,0.26
16.68333333,0.44,28.7,286,0.05
6.716666667,0.87,27,318,0.45
6.466666667,0.59,28.2,,0.27
6.616666667,0.36,28,326,0.01
6.55,0.54,28.2,313,0.05
6.033333333,0.93,29,,0.42
6.8,0.09,,,0.03
6.683333333,0.37,28.2,,0.13
6.65,0.25,28.2,,0.26
6.416666667,0.6,28.4,,0.41
7.116666667,0.74,28.3,299,0.55
6.133333333,1.19,28,,0.49
6.733333333,0.6,27.9,306,0.32
6.016666667,1.12,28.2,,0.57
6.583333333,0.51,28.8,307,0.58
6.533333333,0.57,28.3,,0.27
6.116666667,0.6,27.7,308,0.38
6.433333333,0.66,28.2,307,0.22
6.433333333,0.89,28.4,,0.57
16.83333333,0.64,28.1,302,0.43
6.6,0.27,28.8,,0.15
6.7,1.02,28,320,0.41
6.816666667,0.53,27.5,309,0.11
16.6,1.23,28.8,472,0.27
16.58333333,1.19,28.5,470,0.13
6.183333333,0.29,28.2,,0.14
16.6,1.08,28.5,470,0.04
16.75,0.39,27.9,289,0.05
7,0.63,27.5,312,0.47
6.4,0.67,27.9,306,0.21
6.616666667,0.95,28.9,305,0.66
16.36666667,0.81,,,0.43
15.98333333,0.91,,,0.49
16.16666667,0.61,27.9,290,0.12
16.01666667,0.65,,,0.1
6.95,0.75,27.2,311,0.43
16.13333333,0.59,,,0.25
16.75,0.44,28.5,288,0.03
6.666666667,0.57,28.1,309,0.37
6.083333333,0.32,28.1,,0.12
6.1,0.34,28.1,,0.06
6.183333333,0.47,28.2,,0.04
6.616666667,0.32,28.1,310,0.22
6.166666667,0.53,28.6,,0.09
6.65,0.23,27.7,307,0.22
6.183333333,0.48,28.2,,0.1
16.55,1.27,27.5,,0.93
6.633333333,0.34,28,304,0.24
6.516666667,0.31,28.1,307,0.23
6.5,0.31,28.2,308,0.28
6.866666667,0.56,,,0.25
6.8,0.69,,,0.33
6.85,0.27,,,0.1
16.88333333,0.7,27.7,306,0.43
6.95,1.08,,,0.75
16.7,0.74,27.6,308,0.3
6.933333333,0.49,,,0.24
17.31666667,0.6,27.6,310,0.27
6.633333333,1.02,,,0.65
16.98333333,0.47,27.7,,0.18
16.9,1.56,27.7,308,1.19
6.616666667,1.11,,,0.7
16.45,1.86,27.6,308,0.8
17.01666667,0.31,28,,0.1
6.216666667,0.51,28.5,478,0.21
6.583333333,1.04,,,0.59
16.96666667,0.94,27.7,,0.22
16.48333333,0.91,27.2,307,0.27
16.93333333,0.84,27.1,,0.18
16.46666667,0.74,27.1,310,0.28
17.48333333,0.68,26.9,,0.4
6.566666667,1.01,,,0.86
16.45,0.69,27.5,306,0.12
6.183333333,0.6,28,473,0.09
6.5,0.49,,,0.31
16.38333333,0.71,27.3,305,0.23
17.45,0.65,27.1,,0.36
6.166666667,0.68,28,292,0.31
6.483333333,0.46,,,0.25
16.26666667,0.81,27.3,305,0.31
6.116666667,0.76,28.2,294,0.47
17.41666667,0.61,27.4,,0.4
6.35,0.46,,,0.29
16.9,0.58,28.1,309,0.19
6.016666667,0.7,27.8,291,0.58
17.31666667,0.59,27.3,,0.14
6.35,0.45,,,0.27
16.45,1.08,27.7,310,0.24
17.3,0.64,27.8,,0.19
7.033333333,0.78,27.1,298,0.77
6.35,0.43,,,0.32
16.06666667,1.13,27.5,313,0.54
16.58333333,1.24,27.4,,0.79
7.05,0.72,27,293,0.45
6.666666667,0.11,,,0.01
15.53333333,0.42,27.6,310,0.11
16.46666667,1.08,27.2,,0.67
7,0.65,27.3,290,0.7
15.15,0.41,27.7,312,0.01
16.5,1.06,27.3,,0.61
16.36666667,0.69,26.6,310,0.36
6.933333333,0.59,27.2,290,0.33
6.466666667,0.06,,,0.01
16.5,1.04,27.3,,0.59
16.35,0.84,26.9,310,0.5
6.95,0.75,27.2,289,0.32
16.93333333,0.65,26.9,,0.09
6.5,0.17,,,0.05
16.33333333,0.66,26.8,312,0.08
6.55,0.75,27,290,0.48
16.95,0.6,26.9,,0.26
6.45,0.77,26.8,291,0.47
6.5,0.08,,,0.02
16.4,0.65,27.1,312,0.28
6.4,0.75,26.9,297,0.29
16.83333333,0.67,27,,0.39
6.35,0.73,27.1,296,0.33
6.116666667,0.71,,,0.42
16.86666667,0.65,26.9,,0.34
16.41666667,0.59,27.3,310,0.03
6.383333333,0.76,27.9,297,0.42
6.1,0.76,,,0.55
16.88333333,0.63,27.2,,0.31
7.35,0.1,27.7,481,0.06
6.15,0.81,,,0.49
7.366666667,0.1,27.5,472,0.04
6.2,0.76,,,0.45
7.283333333,0.99,27.6,295,0.98
6.216666667,0.82,,,0.5
7.266666667,1,27.5,295,1.02
7.233333333,1.15,27.7,295,1.05
4.85,0.43,,,0.16
4.783333333,0.53,,,0.19
7.083333333,0.41,26.9,288,0.22
4.816666667,0.54,,,0.22
6.866666667,0.42,16.5,231,0.12
4.95,0.47,,,0.16
5.066666667,0.49,,,0.25
6.483333333,0.44,27,229,0.21
6.466666667,0.46,27.2,228,0.11
5.85,0.26,27.2,473,0.14
5.85,0.26,27.2,473,0.14
5.9,0.25,27.1,471,0.12
5.933333333,0.23,26.8,469,0.09
5.816666667,0.28,26.8,467,0.11
5.633333333,0.19,,,0.1
5.65,0.14,,,0.08
5.6,0.15,,,0.07
6.483333333,0.62,26.6,,0.19
6.516666667,0.6,26.5,,0.27
5.766666667,0.17,,,0.08
6.55,0.62,26.5,,0.3
6.566666667,0.6,26.9,,0.38
6.65,0.61,26.5,,0.23
7.116666667,0.63,27.7,,0.29
7.133333333,0.51,28.4,,0.45
7.133333333,0.43,28.8,,0.23
7.083333333,0.49,28,,0.26
7.066666667,0.45,28.2,,0.25
15.83333333,0.5,,,0.12
6.883333333,0.26,28,,0.15
5.4,0.96,26.9,375,0.63
6.783333333,0.38,27.8,,0.21
15.81666667,0.16,,,0.02
6.733333333,0.4,27.6,,0.26
5.333333333,1.12,27,321,0.63
5.383333333,1.34,27.1,353,0.11
6.533333333,0.24,28.3,,0.23
15.88333333,0.43,,,0.1
5.583333333,1.19,27.5,311,0.08
6.233333333,0.18,28.3,,0.1
15.96666667,0.79,,,0.32
5.583333333,1.14,27.5,300,0.06
16.5,0.67,,,0.59
16.46666667,0.69,,,0.26
16.51666667,0.7,,,0.23
6.216666667,0.27,28.3,,0.13
5.5,0.52,26.4,309,0.33
16.56666667,0.67,,,0.12
6.183333333,0.25,28.1,,0.07
5.466666667,0.61,26.6,307,0.52
16.46666667,0.77,,,0.27
5.516666667,0.57,26.9,310,0.33
6.166666667,0.28,28.1,,0.07
6.133333333,0.24,29.1,,0.09
5.3,0.52,26.9,309,0.32
16.1,1.2,,,0.22
7.816666667,0.3,28.3,,0.06
5.45,0.51,26.5,310,0.34
7.75,0.41,28.5,,0.1
6.816666667,0.28,26.9,316,0.12
16.56666667,0.57,28.1,310,0.12
16.23333333,1.35,,,0.75
7.683333333,0.62,29,,0.14
6.75,0.81,26.9,316,0.46
16.58333333,0.52,28,283,0.04
16.28333333,1.71,,,1.05
16.63333333,0.46,27.7,290,0.04
7.616666667,0.69,28.4,,0.1
16.26666667,1.48,,,1.13
16.68333333,0.4,28,284,0.11
7.583333333,0.64,29.9,,0.16
6.65,1.02,27.1,322,0.49
16.66666667,0.59,,,0.12
5.466666667,0.42,28.8,,0.04
16.68333333,0.55,,,0.14
6.633333333,0.86,27.4,313,0.11
5.483333333,0.39,28.4,,0.32
16.73333333,0.45,27.6,285,0.13
5.416666667,0.24,28.4,,0.09
6.666666667,0.27,27.3,314,0.01
16.58333333,0.52,28,299,0.52
16.96666667,0.6,,,0.16
16.63333333,0.42,28.4,284,0.22
5.416666667,0.28,29.2,,0.15
6.65,0.37,27.2,316,0.08
16.5,0.6,27.8,287,0.46
16.8,0.74,,,0.69
5.4,0.12,28.4,,0.03
16.85,0.86,,,0.32
16.48333333,0.61,28.3,285,0.43
15.65,0.62,28.4,236,0.26
16.36666667,0.47,28.6,292,0.1
16.41666667,0.49,28.6,283,0.21
16.35,0.37,28.5,283,0.05
6.683333333,0.55,27.6,317,0.18
16.31666667,0.38,28.5,286,0.37
6.65,0.52,27.3,313,0.34
15.23333333,0.39,28.6,286,0.26
6.7,0.7,27.9,307,0.42
15.88333333,1.14,28.8,464,0.37
6.483333333,0.34,28.1,307,0.27
15.91666667,1.13,28.3,461,0.05
16.5,0.49,28.2,283,0.11
17.55,0.53,28.4,286,0.18
6.533333333,0.45,28.1,306,0.18
16.46666667,0.52,27.8,284,0.21
6.5,0.46,28.7,307,0.14
6.466666667,0.61,28.2,309,0.32
6.466666667,0.61,28.4,308,0.42
6.2,0.93,28.1,309,0.68
6.666666667,0.67,28.3,313,0.13
6.583333333,0.56,28.5,311,0.34
6.583333333,0.85,29.2,313,0.7
6.766666667,0.59,28.2,308,0.31
7.266666667,0.96,28.2,310,0.67
6.95,1.02,28.7,310,0.58
7.366666667,0.7,28.2,312,0.35
6.266666667,0.88,28.7,309,0.52
5.916666667,0.85,28.9,310,0.61
6.166666667,0.91,28.3,313,0.7
6.166666667,0.93,28.3,313,0.46
6.366666667,0.86,29.2,311,0.44
6.366666667,0.87,28.7,310,0.74
6.5,0.86,28.9,308,0.45
16.61666667,0.96,28.8,322,0.57
16.58333333,0.91,29.7,310,0.82
16.55,0.96,29.8,311,0.23
16.51666667,0.84,29.5,307,0.57
15.73333333,0.83,28.9,308,0.28
16.25,0.8,28.3,312,0.4
16.28333333,0.81,30,314,0.51
6.633333333,0.66,,,0.32
6.833333333,0.75,28.3,290,0.02
16.43333333,0.7,28.9,310,0.38
16.5,0.6,29.6,315,0.31
6.85,0.7,28.4,286,0.1
16.58333333,0.71,28.9,312,0.36
6.85,0.83,28.4,285,0.58
6.6,0.46,,,0.28
17.18333333,0.73,28,314,0.1
7,0.73,28.4,286,0.42
6.966666667,0.69,28.5,284,0.39
16.88333333,1.07,28.1,316,0.05
6.5,0.46,,,0.21
7.816666667,0.37,28.5,462,0.21
16.63333333,0.89,27.7,310,0.19
6.516666667,0.73,,,0.43
16.33333333,0.7,27.9,316,0.06
6.516666667,0.33,28.5,,0.19
7.716666667,0.04,28.6,485,0.03
6.466666667,0.43,,,0.25
6.466666667,0.27,28.2,,0.14
7.716666667,0.05,27.9,451,0.03
15.95,0.98,28.2,311,0.17
7.116666667,0.02,,,0.01
7.55,0.46,28.7,459,0.13
16.41666667,0.6,28.2,310,0.09
7.116666667,0.02,,,0.01
6.3,0.66,27.9,,0.21
7.783333333,0.39,28.7,462,0.14
7.233333333,0.02,,,0.01
16.33333333,0.61,28.4,317,0.04
7.116666667,0.03,,,0.01
6.25,0.69,28.4,,0.22
7.85,0.51,28.5,297,0.11
16.33333333,0.55,27.7,308,0.2
7.116666667,0.02,,,0.01
7.566666667,0.39,28.3,291,0.04
6.183333333,0.44,,,0.24
7.283333333,0.63,28.3,293,0.21
16.33333333,0.6,28.1,311,0.19
6.116666667,0.45,,,0.26
6.883333333,0.57,28.4,292,0.03
6.15,0.46,,,0.28
16.31666667,0.55,28.1,310,0.08
6.883333333,0.54,28.5,294,0.21
6.583333333,0.81,28.9,466,0.29
17.15,0.68,27.5,,0.49
6.616666667,0.87,28.4,466,0.33
17.2,0.7,27.2,,0.35
6.316666667,0.44,,,0.3
17.23333333,0.63,27.3,,0.16
7.033333333,0.46,,,0.38
6.883333333,0.84,28.2,461,0.21
17.4,0.62,27.4,,0.1
17.43333333,0.66,27.5,,0.19
6.933333333,0.42,,,0.25
7.1,0.79,28.4,463,0.23
16.48333333,0.6,28.1,,0.31
6.916666667,0.4,,,0.2
16.53333333,0.59,27.7,,0.24
7.283333333,0.45,28.1,461,0.12
6.65,0.53,28.5,469,0.02
16.55,0.79,27.6,,0.34
6.533333333,0.54,28.7,464,0.11
6.816666667,0.66,,,0.31
6.533333333,0.49,28.1,461,0.06
16.41666667,0.53,28.5,,0.21
6.866666667,0.62,,,0.3
16.56666667,0.85,27.6,,0.32
6.65,0.71,,,0.58
6.433333333,0.47,28.5,465,0.26
16.51666667,0.87,27.8,,0.55
6.7,0.8,,,0.4
5.25,0.45,28.4,286,0.33
16.61666667,0.81,27.5,,0.52
6.8,0.78,,,0.45
5.616666667,0.51,28.5,285,0.12
16.55,0.85,27.9,,0.48
6.8,0.76,,,0.34
5.333333333,0.48,28.4,284,0.19
16.53333333,0.83,27.8,,0.38
6.8,0.78,,,0.35
4.833333333,0.43,28.4,286,0.39
17.33333333,0.53,28,,0.19
5.75,0.63,,,0.32
5.133333333,0.49,28.3,281,0.03
17.23333333,0.54,27.5,,0.2
5.783333333,0.95,,,0.42
17.21666667,0.57,27.5,,0.24
17.16666667,0.51,27.7,,0.01
5.683333333,0.87,,,0.6
17.16666667,0.5,28.2,,0.22
5.75,0.63,,,0.32
6.05,1.24,27,311,0.32
6.1,1.09,27.5,310,0.47
6.066666667,1.17,27.4,313,0.54
6.283333333,1.22,27.6,,0.55
6.2,0.71,27.5,314,0.38
6.566666667,0.4,27.6,309,0.34
6.55,0.97,27.7,304,0.77
6.666666667,0.94,27.8,307,0.78
6.316666667,0.82,27.9,304,0.27
6.65,0.58,27.4,312,0.44
6.466666667,1.18,27.5,309,1.01
6.5,1.1,27.7,310,0.26
6.5,1.08,27.4,307,0.87
6.683333333,1.08,28.3,310,0.88
6.566666667,0.66,27.8,309,0.41
6.6,0.76,28.5,309,0.2
6.55,0.75,28.2,307,0.38
6.55,0.73,27.8,,0.24
6.45,0.72,28,312,0.41
5.866666667,0.69,28.2,,0.28
5.816666667,0.42,27.4,311,0.38
5.883333333,0.72,28.3,,0.24
5.766666667,0.51,27.5,305,0.22
5.916666667,0.68,28.2,,0.21
5.783333333,0.52,27.3,304,0.16
5.916666667,0.61,27.9,,0.19
5.7,0.85,27.4,305,0.51
5.966666667,0.64,28.1,,0.3
5.166666667,0.54,27.9,,0.11
5.666666667,0.43,27.2,303,0.16
5.166666667,0.48,28.3,,0.16
7.066666667,2.26,27.3,313,1.54
5.183333333,0.5,28.2,,0.08
6.716666667,3.18,27.1,318,3.09
5.233333333,0.4,27.9,,0.35
5.266666667,0.58,28.4,,0.23
6.35,2.85,27.4,317,2.25
5.583333333,0.2,27.5,,0.14
6,2.52,27.4,315,2.13
5.583333333,0.34,28,,0.13
5.816666667,2.54,27.9,316,2.11
5.583333333,0.33,28.3,,0.14
5.616666667,0.26,27.4,,0.21
5.6,0.22,27.6,,0.1
6.283333333,0.85,27.5,,0.39
6.3,0.9,27.7,,0.37
6.433333333,0.82,,,0.55
6.266666667,0.94,27.8,,0.41
6.433333333,0.85,,,0.7
6.283333333,0.92,27.9,,0.33
6.5,0.92,,,0.62
6.416666667,0.81,,,0.32
6.383333333,0.93,27.8,,0.48
6.233333333,0.98,,,0.33
7.3,0.61,27.7,,0.34
7,0.45,27.5,,0.23
6.7,0.64,27.7,,0.18
6.816666667,0.59,27.6,,0.26
6.85,0.58,27.7,,0.24
15.48333333,0.26,,,0.09
5.483333333,1.02,27.5,,0.48
5.5,1.05,28.2,,0.59
16.7,0.18,,,0.1
5.483333333,1.2,27.9,,0.45
16.16666667,0.25,,,0.12
6.733333333,0.91,28.2,293,0.53
16.1,0.26,,,0.11
5.483333333,1.1,27.7,,0.39
6.183333333,1.17,28.4,286,0.01
16.2,0.33,,,0.13
5.5,0.29,27.7,,0.12
16.03333333,1.01,,,0.1
15.88333333,0.4,,,0.02
6.166666667,0.99,28.5,288,0.79
15.96666667,0.38,,,0.08
6.166666667,0.93,28.6,287,0.73
16.05,0.61,,,0.08
16.41666667,0.86,,,0.36
6.166666667,0.98,29.4,292,0.46
16.4,1.14,,,0.77
15.43333333,1.17,,,0.44
16.35,1.12,,,0.38
16.21666667,1.44,,,0.34
16.46666667,1.12,,,0.12
16.4,1.29,,,0.55
16.45,1.26,,,0.33
16.65,1.19,,,0.56
16.13333333,0.83,,,0.35
15.68333333,0.62,28,288,0.05
15.81666667,0.59,28.2,285,0.28
15.85,0.54,27.9,285,0.07
15.83333333,0.57,27.6,284,0.42
15.81666667,0.54,27.8,284,0.12
16.2,0.41,27.7,288,0.04
16.23333333,0.44,27.7,281,0.01
16.25,0.45,27.6,281,0.13
16.4,0.42,27.3,280,0.09
16.4,0.43,27.3,289,0.31
16.68333333,0.44,28.1,455,0.06
16.68333333,0.51,27.7,453,0.12
16.75,0.52,27.9,439,0.31
16.65,0.5,27.3,421,0.21
16.51666667,0.47,27.8,432,0.17
16.35,2,27,288,0.04
16.3,2.2,26.8,286,1.5
16.43333333,2.19,26.8,287,0.14
16.41666667,2.13,27.3,288,0.08
6,0.71,27.9,,0.34
5.833333333,0.88,27.7,,0.39
6.883333333,0.55,,,0.28
6.8,1.51,27.5,287,0.22
6.683333333,0.66,,,0.32
5.05,0.68,27.5,305,0.43
4.933333333,0.71,27.5,284,0.5
4.85,0.42,27.5,283,0.28
16.71666667,0.26,,0,0.23
7.183333333,0.6,27.8,463,0.08
16.36666667,1.35,27.4,,0.84
5.9,0.47,28.2,319,0.13
5.95,0.61,27.1,310,0.2
5.766666667,0.73,27.5,290,0.25
6.133333333,0.51,27.9,312,0.21
5.816666667,0.62,28.2,296,0.11
15.98333333,0.61,,,0.54
7.066666667,0.78,27.2,312,0.36
16.28333333,0.83,,,0.8
16.26666667,0.79,,,0.65
5.533333333,0.86,27.1,314,0.38
16.3,0.95,,,0.91
16.28333333,0.83,,,0.62
16.58333333,0.75,27.5,,0.21
16.28333333,0.54,27.5,,0.38
16.35,0.55,,,0.51
6.766666667,1.05,27.8,308,0.52
5.733333333,0.49,27.6,308,0.39
5.7,0.62,27.9,305,0.51
5.766666667,0.59,28.9,309,0.43
5.333333333,0.64,27.9,475,0.12
16.25,1.04,27.9,,0.35
6.483333333,0.81,28.8,312,0.58
6.9,0.35,27,309,0.06
4.716666667,0.65,27.5,283,0.33
7.183333333,0.62,28.6,436,0.13
7.016666667,0.65,27.9,294,0.12
5.933333333,0.72,27.8,,0.3
16.65,0.35,,0,0.32
16.6,0.42,,,0.37
16.11666667,0.52,,0,0.5
15.95,0.59,,,0.49
15.95,0.51,,,0.45
16.38333333,1.31,27.6,,0.95
5.333333333,0.85,27.3,314,0.36
5.25,0.63,28.2,462,0.22
16.85,0.48,27.5,,0.12
5.283333333,0.52,28.2,432,0.31
16.93333333,0.45,27.4,,0.09
5.383333333,0.61,28.2,451,0.13
16.36666667,0.51,,,0.49
7.083333333,0.57,27.7,290,0.21
5.9,0.65,28.4,296,0.41
5.6,0.68,28.7,305,0.38
16.28333333,1.17,27.8,,0.47
6.766666667,0.7,,,0.5
6.766666667,0.37,27.1,308,0.11
5.983333333,0.45,27.3,315,0.03
7.033333333,0.95,27,317,0.32
6.083333333,0.63,27.9,,0.26
6.033333333,0.79,27.9,,0.31
5.333333333,0.89,27.2,311,0.31
6.7,1.58,27.5,286,0.09
6.716666667,1.34,27.4,286,0.14
16.43333333,1.29,27.8,,0.92
5.45,0.61,28.2,462,0.21
16.83333333,0.44,27.4,,0.12
4.85,0.9,27.4,281,0.39
16.78333333,0.42,26.5,,0.11
16.63333333,0.63,27.8,,0.39
7.083333333,0.61,27.6,461,0.12
16.58333333,0.57,27.7,,0.35
16.23333333,1.02,28.1,,0.76
7.2,0.52,28,289,0.31
7.016666667,0.52,27.3,286,0.06
6.666666667,1.62,27.6,294,0.12
5.866666667,0.54,28.3,301,0.49
6.583333333,0.94,28.4,313,0.5
6.616666667,0.6,27.5,314,0.26
16.38333333,1.45,27.5,,0.89
16.81666667,0.41,27.1,,0.09
7.066666667,0.78,27.5,314,0.42
16.45,0.75,,,0.59
16.26666667,1.06,28.3,,0.37
6.733333333,1.08,28.9,292,0.13
6.766666667,0.61,28.6,292,0.11
6.633333333,0.58,27.4,313,0.27
6.266666667,0.52,27.6,318,0.12
7.183333333,0.56,27.8,462,0.06
7.333333333,0.62,28.6,432,0.12
6.033333333,0.66,27.7,288,0.25
15.98333333,0.64,,,0.51
16.25,0.63,27.5,,0.37
6.833333333,0.49,27.2,311,0.12
7.05,0.74,26.9,316,0.47
16.8,0.39,,,0.37
16.05,0.45,,,0.39
16.15,0.96,,,0.91
5.4,0.9,28.4,318,0.43
6.683333333,0.76,,,0.38
6.65,0.85,28.3,308,0.58
17.13333333,1.29,27.7,,0.49
5.366666667,0.85,27.1,314,0.45
6.616666667,0.7,,,0.41
16.25,0.63,,,0.6
16.25,0.81,,,0.75
16.25,1.09,27.9,,0.26
7.05,0.8,27.8,315,0.22
5.316666667,0.72,,,0.38
5.166666667,0.7,,,0.35
5.116666667,0.62,,,0.32
5.033333333,0.63,,,0.38
7.216666667,0.83,,,0.52
5.35,0.2,26.7,284,0.06
5.25,0.24,26.9,278,0.11
7.366666667,0.88,,,0.48
5.266666667,0.26,26.8,263,0.08
5.383333333,0.24,26.8,285,0.14
5.5,0.31,26.7,291,0.21
7.433333333,0.88,,,0.38
7.2,0.78,,,0.51
6.966666667,0.85,,,0.46
6.633333333,0.83,,,0.38
5.533333333,0.24,26.5,309,0.16
16.83333333,0.81,27.7,458,0.1
6.5,1.01,,,0.72
5.4,0.46,26.7,305,0.25
16.86666667,0.65,27.5,458,0.09
5.416666667,0.41,26.3,309,0.25
16.88333333,0.72,27.6,459,0.12
5.45,0.69,27.9,306,0.28
16.98333333,0.49,27.5,457,0.21
6.566666667,0.97,,,0.62
17.1,0.55,27.5,458,0.13
6.533333333,1,,,0.48
6.55,0.87,,,0.42
6.566666667,0.32,,,0.21
17.16666667,0.67,27.5,306,0.15
6.5,0.31,,,0.12
17.1,0.67,27.8,306,0.02
17.2,0.54,27.7,305,0.01
16.9,0.41,28.4,290,0.04
17.16666667,0.51,28.6,307,0.11
17.53333333,0.4,27.8,284,0.13
17.25,0.4,27.6,302,0.09
16.01666667,0.25,28.1,305,0.06
16.05,0.51,28.3,307,0.22
16.85,0.42,28.7,283,0.27
16.21666667,0.58,27.9,304,0.1
16.56666667,0.44,28.1,462,0.11
6.55,0.31,,,0.15
17.06666667,1.1,28.3,298,0.1
16.26666667,0.45,27.7,305,0.08
6.183333333,0.35,,,0.18
17.05,1.09,28.3,292,0.17
16.16666667,0.18,29.4,313,0.13
17.01666667,1.11,27.9,291,0.21
16.18333333,0.45,28,307,0.26
6.133333333,0.33,,,0.13
16.18333333,0.58,27.7,305,0.24
6.516666667,0.86,,,0.41
16.98333333,1.16,28.1,292,0.06
16.31666667,0.41,27.8,306,0.25
6.5,0.7,,,0.31
17.63333333,0.62,28.5,439,0.09
16.3,0.55,27.6,307,0.23
17.53333333,0.61,28.1,437,0.21
6.583333333,0.68,,,0.31
16.03333333,0.29,29.6,305,0.1
17.66666667,0.59,28.5,441,0.21
6.533333333,0.63,,,0.32
17.63333333,0.58,28.4,432,0.11
6.65,0.71,,,0.36
17.63333333,0.63,28.1,423,0.24
16.03333333,0.27,28.9,304,0.12
6.416666667,0.77,,,0.38
16.13333333,0.27,28.3,303,0.19
6.483333333,0.66,,,0.31
16.31666667,0.53,28.2,306,0.09
6.55,0.69,,,0.35
16.4,0.58,28.7,305,0.15
6.533333333,0.67,,,0.34
6.533333333,0.73,,,0.48
5.55,0.16,26.8,,0.11
5.516666667,0.15,26.8,,0.1
5.516666667,0.2,26.6,,0.12
5.366666667,0.23,26.8,,0.16
5.3,0.19,26.7,,0.14
5.783333333,0.61,27.3,,0.12
5.733333333,0.58,27.3,,0.15
5.75,0.61,27.5,,0.28
5.733333333,0.9,26.4,,0.37
5.716666667,0.96,26.8,,0.29
6.583333333,1.14,29,,0.43
6.466666667,0.69,28.6,,0.1
6.416666667,0.65,27.7,,0.21
6.266666667,0.64,27.4,,0.32
6.266666667,0.84,27.7,,0.41
6.266666667,0.67,28.5,,0.05
6.25,0.72,28.2,,0.28
6.166666667,0.54,28.7,,0.13
6.233333333,0.76,28.5,,0.34
7.516666667,0.32,28.9,,0.28
7.466666667,0.33,28.5,,0.15
7.283333333,0.31,27.5,,0.17
7.25,0.38,27.4,,0.12
7.25,0.45,27.6,,0.15
5.566666667,0.35,28,,0.16
5.5,0.46,27.9,,0.12
5.45,0.74,28.3,,0.19
5.433333333,0.53,28.2,,0.14
5.35,0.62,28.4,,0.18
6.116666667,0.65,28.9,476,0.2
6.05,0.52,28.1,461,0.11
5.65,0.61,28.4,461,0.13
5.866666667,0.56,28.1,442,0.08
7.533333333,0.49,28.2,288,0.21
7.583333333,0.52,28.6,284,0.11
7.55,0.61,28.3,283,0.09
7.433333333,0.57,28.4,281,0.31
7.183333333,0.93,28.6,294,0.32
7.05,1.04,28.8,287,0.62
7.116666667,0.98,28.8,286,0.31
6.933333333,0.98,28.6,288,0.11
6.983333333,1.01,28.8,295,0.32
6.65,0.84,28.5,0,0.22
6.766666667,0.78,28.1,445,0.13
6.8,0.95,28.4,317,0.32
6.566666667,0.84,28.1,313,0.21
6.466666667,0.86,28.3,386,0.31
7.016666667,0.82,28.1,513,0.23
7.3,0.83,27.9,468,0.31
7.3,0.65,27.9,462,0.42
7.266666667,0.82,28.1,471,0.06
7.2,0.83,29.5,459,0.23
5.366666667,1.08,27.8,314,0.23
5.416666667,1.02,27.7,284,0.32
5,1.09,27.3,291,0.31
5.866666667,0.26,27.8,321,0.05
5.233333333,3.12,27.9,,2.59
5.716666667,0.73,,,0.31
5.866666667,0.63,28.1,311,0.19
5.183333333,0.57,28.1,,0.31
5.75,0.68,,,0.38
5.933333333,0.45,28.6,312,0.11
5.166666667,0.49,28.2,,0.21
6.016666667,0.29,27.9,313,0.02
5.916666667,0.67,,,0.32
5.166666667,0.48,27.4,,0.19
6.233333333,0.22,27.6,310,0.04
5.166666667,0.38,27.7,,0.14
5.466666667,0.82,,,0.36
5,0.68,,,0.38
6.183333333,0.91,27.6,321,0.48
6.4,0.9,27.7,318,0.45
6.483333333,0.95,27.5,319,0.77
6.483333333,0.88,27.8,318,0.69
6.183333333,0.68,28.2,320,0.2
6.233333333,0.65,27.7,314,0.22
16.85,0.45,28,,0.24
6.15,0.66,28.7,313,0.19
16.88333333,0.43,27.8,,0.21
16.11666667,0.1,,,0.07
6.25,0.64,27.5,311,0.17
16.91666667,0.53,27.9,,0.06
16.08333333,0.1,,,0.09
6.4,0.65,27.7,315,0.29
17.18333333,0.54,28.3,,0.14
5.85,0.41,29,308,0.3
16.15,0.24,,,0.15
16.2,0.16,,,0.1
5.816666667,0.56,29.6,313,0.2
17.48333333,0.52,28.1,,0.11
16.25,0.4,,,0.28
16.15,0.44,,,0.41
16.78333333,1.31,28.1,,0.88
5.65,0.57,29.5,312,0.27
16.71666667,1.41,28.1,,0.92
16.73333333,1.29,27.9,,0.79
16.75,1.29,27.7,,0.32
15.95,0.26,,,0.24
15.95,0.45,,,0.42
16.71666667,1.26,28,,0.51
15.8,0.43,,,0.41
16.5,0.66,28.8,,0.24
5.783333333,0.46,29.8,307,0.33
15.75,0.4,,,0.39
16.56666667,0.65,28.7,,0.13
15.83333333,0.55,,,0.51
5.866666667,0.45,29.5,317,0.21
16.65,0.57,28.5,,0.04
15.91666667,0.47,,,0.44
16.61666667,0.59,28.4,,0.5
6.183333333,0.48,28,308,0.25
16.66666667,0.59,28.2,,0.08
15.88333333,0.44,,,0.4
16.2,0.42,28.5,,0.09
15.91666667,0.46,,,0.32
5.966666667,0.37,28.9,308,0.1
16.3,0.55,28.2,,0.12
5.933333333,0.38,29.7,307,0.23
16.13333333,0.39,,,0.35
5.866666667,0.26,29.8,304,0.1
16.28333333,0.5,28.1,,0.11
16.01666667,0.43,,,0.42
16.25,0.48,,,0.45
16.23333333,0.52,28,,0.09
6.033333333,0.67,28,306,0.54
16.25,0.39,,,0.36
16.3,0.48,27.5,,0.07
4.816666667,0.55,28,307,0.42
16.23333333,0.45,,,0.43
4.583333333,0.41,28.3,307,0.28
16.26666667,0.48,,,0.46
4.433333333,0.44,28.7,308,0.35
4.466666667,0.51,29,305,0.2
4.85,0.43,15,,0.23
4.9,0.63,15,,0.19
4.95,0.62,15.1,0,0.27
4.916666667,0.62,15,,0.22
4.883333333,0.46,15.1,,0.33
16.76666667,0.57,28.3,288,0.36
16.95,0.67,27.8,287,0.11
16.75,0.6,27.8,285,0.12
15.93333333,1.02,29,454,0.25
16.25,1.06,28.9,448,0.86
16.95,1.04,28.8,463,0.32
17.03333333,1.01,28.7,463,0.41
16.93333333,1.12,28.8,461,0.34
16.76666667,0.71,28.6,458,0.19
17.03333333,0.68,28.4,449,0.03
17.11666667,0.61,27.5,448,0.03
17.13333333,0.67,27.8,468,0.12
17.06666667,0.63,27.8,482,0.06
16.63333333,1.33,28.8,490,0.25
16.73333333,1.1,28.6,504,0.23
16.66666667,1.15,28,447,0.13
16.7,1.06,27.9,458,0.21
5.966666667,0.72,29.1,319,0.36
6.033333333,1.02,28.6,313,0.54
6.116666667,0.77,28.1,315,0.15
6.083333333,0.75,27.7,312,0.49
6.183333333,0.77,28,231,0.32
5.95,0.69,,,0.65
5.483333333,1.35,28,,0.68
5.833333333,0.28,,,0.25
16.95,0.22,28.9,307,0.1
5.466666667,1.27,28.1,,0.49
5.833333333,0.67,,,0.65
5.433333333,1.25,28.1,,0.55
16.9,0.42,28.6,306,0.19
5.883333333,0.71,,,0.69
16.95,0.28,28.3,308,0.13
5.416666667,1.04,28.1,,0.39
5.983333333,0.87,,,0.85
5.45,0.94,29,,0.42
17.05,0.33,28.4,305,0.12
7.333333333,0.08,,,0.06
6.316666667,0.37,28.5,,0.15
7.383333333,0.05,,,0.04
6.316666667,0.48,28.4,,0.18
7.383333333,0.21,,,0.19
6.333333333,0.49,28.3,,0.17
6.3,0.51,28.5,,0.19
7.366666667,0.15,,,0.13
6.266666667,0.42,29.1,,0.2
7.266666667,0.19,,,0.16
7.4,1.12,28.2,,0.68
6.25,0.1,,,0.09
17.15,0.35,28.8,305,0.11
7.35,1.14,28.3,,0.54
6.283333333,0.01,,,0.01
7.25,1.29,28,,0.48
16.41666667,0.36,29,308,0.13
6.316666667,0.01,,,0.01
16.58333333,0.45,28.3,312,0.2
7.233333333,1.05,28.2,,0.41
6.266666667,0.23,,,0.22
16.35,0.49,28.3,305,0.14
7.15,1.27,28.1,,0.52
6.283333333,0.2,,,0.02
16.55,0.56,28.1,306,0.3
6.5,0.67,28.3,,0.31
6.716666667,0.11,,,0.09
16.48333333,0.51,28.1,307,0.16
6.483333333,0.86,28.9,,0.54
6.7,0.08,,,0.06
16.71666667,0.46,28.3,305,0.17
6.483333333,0.86,28.8,,0.37
6.616666667,0.15,,,0.13
16.86666667,0.44,28.4,305,0.14
6.683333333,0.17,,,0.16
17.01666667,0.44,28.2,306,0.15
6.283333333,0.78,29.7,,0.27
6.633333333,0.18,,,0.16
17.05,0.5,28.1,304,0.1
6,0.14,28.4,,0.05
6.383333333,0.12,,,0.11
17,0.48,28.6,308,0.08
5.916666667,0.3,28.3,,0.12
16,0.63,28,283,0.27
5.8,0.35,28.1,,0.06
6.35,0.09,,,0.07
15.8,0.76,27.3,310,0.25
5.733333333,0.32,28,,0.24
6.35,0.13,,,0.11
15.73333333,0.73,27.5,311,0.22
5.666666667,0.25,28.2,,0.09
6.35,0.11,,,0.09
15.75,0.74,28.3,314,0.13
4.983333333,0.71,27.2,,0.19
6.6,0.16,,,0.11
15.88333333,0.69,27.8,312,0.27
4.9,1.05,27.6,,0.36
6.166666667,0.13,,,0.12
4.883333333,0.7,27.8,,0.24
6.133333333,0.16,,,0.11
4.866666667,0.5,27.7,,0.17
6.016666667,0.17,,,0.15
4.866666667,0.86,27.8,,0.39
5.833333333,0.19,,,0.17
5.8,0.11,,,0.09
5.083333333,0.43,28.3,,0.18
5.1,0.37,29.5,,0.21
5.7,1.04,28.3,322,0.54
5.016666667,0.37,28.7,,0.12
5.583333333,0.98,28.2,299,0.36
4.95,0.42,28.5,,0.18
5.466666667,1.01,28,288,0.47
4.916666667,0.35,28.1,,0.19
5.383333333,0.85,28.4,278,0.42
5.333333333,1,28.4,277,0.42
6.016666667,0.9,27.8,272,0.32
5.966666667,0.88,27.4,266,0.84
5.966666667,0.84,28,269,0.46
5.983333333,0.77,28,272,0.31
5.95,0.6,27.9,270,0.09
6.366666667,0.69,28.2,273,0.09
17.46666667,0.2,28,,0.11
6.316666667,0.49,28.3,270,0.27
17.48333333,0.22,27.9,,0.2
17,0.41,27.5,,0.15
6.233333333,0.57,28,268,0.16
6.1,0.76,26.8,315,0.34
17.18333333,0.2,27.5,,0.05
6.066666667,0.6,27.7,321,0.3
6.066666667,0.52,27.8,265,0.17
17.25,0.44,27.8,,0.17
6.083333333,0.74,26.9,314,0.41
6.283333333,1.24,27.8,436,0.32
15.95,1.1,27.8,,0.55
6.083333333,0.81,27,315,0.32
6.233333333,0.48,27.2,435,0.16
15.98333333,1.22,27.5,,0.39
6.1,0.78,27.2,315,0.38
6.35,0.93,28.6,442,0.48
15.96666667,1.13,27.3,,0.68
6.383333333,1.16,28.4,438,0.21
15.98333333,1.19,27.3,,0.56
6.383333333,0.55,26.6,320,0.24
6.45,1.06,28.3,437,0.23
15.98333333,1.24,26.9,,0.42
7.116666667,0.88,27.9,282,0.11
7.083333333,0.93,27.3,274,0.16
16.48333333,1.19,27.6,,0.61
7.05,0.82,27,277,0.25
16.45,0.48,28.1,,0.17
6.4,0.54,27.2,314,0.25
16.45,0.55,27.9,,0.1
7.033333333,0.82,27.6,277,0.16
6.25,0.52,27.4,315,0.18
16.46666667,0.56,28.1,,0.16
6.75,0.92,27.8,286,0.13
6.066666667,1.06,27.9,438,0.42
16.48333333,0.54,27.8,,0.12
6.2,0.58,28.1,314,0.2
5.316666667,0.93,28.1,436,0.34
16.8,0.68,28.2,,0.06
6.183333333,0.6,28.3,315,0.26
5.483333333,1.01,28,431,0.26
16.73333333,0.72,28,,0.12
6.183333333,0.78,27.3,330,0.58
16.71666667,0.81,28,,0.13
7.333333333,0.34,,,0.35
5.55,0.92,28.5,322,0.28
5.333333333,1.12,28.1,429,0.32
16.7,0.57,27.9,,0.13
5.55,0.76,28,313,0.45
7.166666667,0.67,,,0.32
16.66666667,0.49,28,,0.05
6.566666667,0.45,,,0.32
5.533333333,0.69,28.2,312,0.4
5.616666667,0.6,28.4,311,0.3
6.7,0.56,,,0.3
6.733333333,0.27,27.6,308,0.09
6.383333333,0.45,,,0.25
6.55,0.53,27.5,306,0.2
6.5,0.45,27.6,310,0.18
6.216666667,0.37,27.9,305,0.13
6.083333333,0.41,27.5,317,0.2
6.016666667,0.39,28.1,308,0.12
16.41666667,0.4,,,0.28
6.05,0.34,26.8,305,0.09
16.41666667,0.18,,,0.12
5.983333333,0.41,26.7,309,0.14
5.816666667,0.54,27.3,309,0.22
16.35,0.29,,,0.25
4.916666667,0.52,28,308,0.22
16.26666667,0.23,,,0.18
4.95,0.33,27.9,304,0.17
16.23333333,0.31,,,0.25
16.9,0.79,,,0.51
4.95,0.28,28.3,308,0.11
5.1,0.32,26.8,308,0.09
16.68333333,0.34,,,0.25
5.166666667,0.36,26.8,309,0.13
16.71666667,0.2,,,0.15
16.5,0.32,,,0.22
16.35,0.58,,,0.39
16.78333333,0.85,,,0.7
16.75,1.02,,,0.8
16.73333333,0.8,,,0.56
16.68333333,1.05,,,0.86
16.55,0.92,,,0.66
16.33333333,0.66,,,0.42
16.45,0.83,,,0.53
16.51666667,0.63,,,0.41
16.36666667,0.72,,,0.38
16.33333333,0.65,,,0.43
6.316666667,0.39,,,0.15
6.533333333,0.37,,,0.18
6.366666667,0.35,,,0.15
6.316666667,0.32,,,0.22
6.383333333,0.36,,,0.26
6.366666667,0.42,,,0.25
6.516666667,0.38,,,0.28
6.433333333,0.2,,,0.12
6.466666667,0.18,,,0.15
6.566666667,0.23,,,0.18
6.55,0.04,,,0.01
6.6,0.19,,,0.1
6.783333333,0.13,,,0.08
6.7,0.22,,,0.1
6.866666667,0.13,,,0.08
5.95,0.49,,,0.45
6.716666667,1.98,27.2,286,0.62
6.133333333,0.29,,,0.17
6.65,1.93,27.3,278,0.42
6.133333333,0.45,,,0.41
6.733333333,1.21,27.5,275,0.69
6.183333333,0.6,,,0.57
6.65,0.92,27.8,275,0.52
6.45,0.56,,,0.51
6.516666667,2.16,28.5,278,0.31
6.316666667,0.19,,,0.11
6.433333333,0.13,,,0.08
6.45,0.12,,,0.07
6.666666667,0.14,,,0.09
6.583333333,0.17,,,0.12
6.2,0.54,,,0.35
6.35,0.48,,,0.32
6.5,0.61,,,0.31
6.45,0.44,,,0.31
6.416666667,0.48,,,0.3
16.78333333,0.83,27,271,0.58
16.78333333,1.04,26.6,271,0.38
16.73333333,0.86,26.9,273,0.67
16.76666667,1.02,26.9,276,0.35
16.85,0.91,28.7,276,0.58
16.9,0.66,28.1,286,0.21
16.9,0.69,27.5,267,0.39
16.88333333,0.64,27.4,264,0.36
17.03333333,0.6,27.5,267,0.1
17.15,0.62,27.4,263,0.18
16.5,0.54,27.3,268,0.28
16.61666667,0.53,27.3,265,0.38
16.58333333,0.55,28,266,0.16
16.6,0.5,27.8,266,0.24
16.81666667,0.55,27.6,264,0.24
6,1.14,,,0.89
5.883333333,0.98,,,0.78
5.916666667,0.9,,,0.74
5.9,0.89,,,0.61
5.983333333,0.82,,,0.65
6.233333333,0.34,28.1,,0.14
6.2,0.33,27.4,,0.15
6.166666667,0.25,27.4,,0.09
6.133333333,0.29,27.3,,0.11
6.033333333,0.45,27.6,,0.19
5,1.06,26.9,,0.48
5,1.09,26.7,,0.5
4.983333333,1.38,27.5,,0.61
5.066666667,1.28,26.6,,0.48
5.183333333,1.27,26.6,,0.63
16.96666667,1.43,,,1.11
7.05,0.28,26.5,,0.09
16.98333333,1.62,,,0.86
7.033333333,0.74,26.1,,0.26
16.98333333,1.34,,,0.83
7.05,0.41,24.1,,0.19
17.05,1.28,,,0.97
7.066666667,0.62,24.4,,0.27
16.9,0.49,,,0.09
7.1,0.68,26.5,,0.25
17.06666667,0.47,,,0.13
6.566666667,0.85,26.8,,0.36
17.13333333,0.48,,,0.14
6.533333333,2.21,27.1,,0.99
17.18333333,0.57,,,0.2
6.383333333,1.47,27.5,,0.67
17.25,0.53,,,0.18
6.416666667,1.4,27.4,,0.64
17.33333333,0.73,,,0.19
6.35,1.15,27.6,,0.49
17.28333333,0.74,,,0.15
6.333333333,0.53,27,,0.22
17.48333333,0.67,,,0.3
6.283333333,0.57,27.1,,0.19
17.58333333,0.71,,,0.37
6.283333333,0.92,26.9,,0.38
17.53333333,0.74,,,0.21
6.333333333,0.87,27.3,,0.4
6.366666667,0.72,26.8,,0.31
5.633333333,0.46,27,,0.18
5.616666667,0.54,27.1,,0.14
5.616666667,0.37,27.3,,0.2
5.583333333,0.8,27.5,,0.36
5.583333333,0.41,27.4,,0.17
6.05,0.34,,,0.28
6.116666667,0.26,,,0.18
6.283333333,0.52,,,0.36
6.416666667,0.42,,,0.23
6.466666667,0.36,,,0.2
6.333333333,0.81,,,0.48
6.366666667,0.49,,,0.31
6.5,0.61,,,0.28
6.733333333,0.84,,,0.51
6.683333333,0.64,,,0.42
6.166666667,1.03,26.8,432,0.24
6.1,1.02,27.6,437,0.29
6.183333333,1.02,27.4,435,0.23
6.133333333,0.93,27.9,437,0.46
6.2,0.84,28.2,439,0.18
5.566666667,0.84,27.3,275,0.27
5.316666667,0.82,27,270,0.25
5.433333333,0.81,27.2,276,0.22
5.416666667,0.75,27.5,273,0.24
5.466666667,0.65,27.4,277,0.2
5.766666667,0.66,,,0.35
5.766666667,0.81,,,0.38
5.8,0.52,,,0.26
5.75,0.74,,,0.35
5.75,0.82,,,0.47
6.566666667,0.86,,,0.33
6.533333333,0.62,,,0.31
6.533333333,0.86,,,0.37
6.566666667,0.55,,,0.21
6.566666667,0.75,,,0.24
5.966666667,2.36,27,,1.42
5.933333333,2.58,27.2,,1.28
5.766666667,2.48,27.1,,1.39
5.4,2.19,27.5,,0.98
5.333333333,2.43,27.1,,1.12
5.883333333,1.33,27.5,,0.78
5.866666667,1.63,26.6,,1.05
5.833333333,1.91,26.8,,0.86
5.783333333,1.51,26.7,,0.67
5.683333333,1.96,26.7,,0.98
6.133333333,1.28,27.3,278,0.29
6.2,1.11,27.5,277,0.45
6.433333333,1.18,27.2,281,0.06
6.45,1.06,27.4,279,0.44
6.45,0.9,27.1,278,0.31
17.83333333,0.58,27.3,269,0.49
16.73333333,0.67,27.2,264,0.1
16.66666667,0.6,27,265,0.4
16.66666667,0.63,27.3,280,0.57
16.65,0.65,27,263,0.52
16.65,1.09,26.7,281,0.51
16.61666667,0.74,26.8,281,0.31
16.5,0.75,29.9,279,0.21
16.58333333,1.24,27,276,0.52
16.68333333,0.99,26.9,283,0.42
16.46666667,0.75,27.1,385,0.15
16.5,0.88,27,384,0.09
16.55,0.9,27.1,383,0.33
16.45,0.86,26.7,386,0.05
16.58333333,0.8,27.3,386,0.18
5.466666667,0.96,,,0.38
4.533333333,1.22,24.9,286,1.1
5.366666667,0.96,,,0.46
7.416666667,1.08,25.2,294,0.31
4.55,1.36,24.6,287,1.3
4.3,1.3,25.1,288,0.97
7.55,0.82,24.6,295,0.23
7.6,0.68,24.2,293,0.31
7.466666667,0.94,25.1,293,0.26
6.133333333,0.91,24.3,459,0.06
6.233333333,1.11,24.2,462,0.69
6.416666667,1.19,24.5,465,0.05
5.166666667,0.81,25.6,460,0.11
5.1,0.71,26.4,461,0.22
6.2,1.45,25.1,462,0.19
5.333333333,0.64,25.9,469,0.01
5.25,0.73,26.1,462,0.66
15.83333333,1.11,26,432,0.56
15.8,1.76,27,427,0.48
15.81666667,1.79,27.1,425,0.49
15.83333333,1.76,26.5,425,0.3
15.83333333,1.68,26.4,427,0.68
3.966666667,0.95,27.7,274,0.14
3.916666667,0.88,20.2,275,0.56
3.883333333,0.92,27.5,273,0.26
16.56666667,0.48,,,0.32
16.3,0.68,,,0.31
14.3,1.01,25.6,,0.29
5.683333333,1.09,,,0.61
16.38333333,0.48,,,0.18
14.33333333,1.05,25.2,,0.42
14.33333333,1.05,24.8,,0.27
16.48333333,0.52,,,0.25
16.38333333,0.58,,,0.21
15.58333333,1.04,26.4,,0.35
15.8,0.48,,,0.2
5.316666667,1,,,0.45
14.36666667,1.04,26.9,,0.26
15.75,0.48,,,0.22
5.5,1.12,,,0.65
14.26666667,1.06,25.8,,0.28
5.633333333,0.99,,,0.46
16.03333333,0.68,,,0.31
8.2,1.44,,,0.45
15.23333333,1,25,,0.28
16.01666667,0.48,,,0.18
8.116666667,1.56,,,0.74
15.26666667,1.05,26.2,,0.33
16.11666667,0.58,,,0.24
5.2,1.02,,,0.63
8.416666667,1.98,,,0.71
15.96666667,0.41,,,0.18
15.6,1.79,26.2,,0.68
8.316666667,1.55,,,0.55
15.2,0.97,25.5,,0.34
16.05,0.4,,,0.18
8.266666667,1.57,,,0.62
15.21666667,1.06,26.1,,0.36
5.816666667,0.99,,,0.6
15.46666667,1.82,26.1,,0.79
15.83333333,0.45,,,0.21
5.95,1.07,,,0.62
15.53333333,1.84,25.7,,0.78
5.933333333,1.1,,,0.68
15.76666667,0.48,,,0.24
15.58333333,1.85,26.3,,0.91
5.916666667,1.15,,,0.67
15.36666667,1.81,26.4,,0.84
15.78333333,0.51,,,0.28
5.2,0.91,,,0.35
5.966666667,1.14,,,0.83
4.416666667,1.31,24.9,287,0.78
5.35,0.99,,,0.51
5.25,0.96,,,0.6
4.583333333,0.88,26.7,,0.37
4.616666667,0.67,27.2,,0.28
4.633333333,0.67,27.2,,0.32
4.616666667,0.84,26.8,,0.64
4.55,0.82,,,0.57
4.366666667,0.98,,,0.99
6.433333333,0.82,26,,0.31
5.816666667,0.98,25.7,,0.84
5.2,0.87,26.2,,0.13
4.25,0.97,,,0.81
4.733333333,0.79,26,,0.28
4.183333333,0.62,26.9,,0.04
5.316666667,0.58,,,0.33
5.283333333,0.72,,,0.06
5.366666667,0.37,,,0.22
5.416666667,0.73,,,0.4
5.4,0.59,,,0.32
5.016666667,0.66,26.3,,0.37
5,0.88,25.6,,0.38
5.1,0.67,25.9,,0.46
5.116666667,0.64,26.2,,0.68
5.1,0.54,26,,0.22
5.616666667,0.7,26.9,,0.31
5.583333333,0.92,26.2,,0.81
5.533333333,0.84,26,,0.46
5.45,1.01,25.6,,0.33
5.483333333,0.89,25.9,,0.42
6.033333333,0.84,,,0.85
6,1.23,,,0.96
5.933333333,1.16,,,0.83
5.833333333,0.94,,,0.32
5.683333333,0.79,,,0.86
5.533333333,0.91,,,0.38
5.533333333,0.82,,,0.71
5.566666667,0.91,,,0.52
5.233333333,1.06,,,0.66
5.333333333,0.85,,,0.76
5.5,0.6,26.2,274,0.28
5.416666667,0.51,26.9,271,0.15
5.466666667,0.47,25.9,271,0.24
5.433333333,0.54,25.4,270,0.39
5.35,0.52,25.4,278,0.17
16.7,1.37,27.1,272,0.97
16.68333333,1.28,27.7,273,0.54
16.76666667,1.34,27.4,273,0.74
16.75,1.31,26.3,272,0.2
16.76666667,1.33,27.1,272,1.05
16.46666667,0.24,26.6,277,0.09
16.55,0.22,26.2,278,0.1
16.61666667,0.2,26.1,269,0.06
16.61666667,0.31,25.5,272,0.19
16.63333333,0.37,28.8,27,0.21
16.81666667,0.75,,,0.63
16.85,0.8,,,0.45
16.85,0.68,,,0.22
17.01666667,0.75,,,0.53
17.01666667,0.64,,,0.2
5.85,0.4,25.3,,0.14
5.883333333,0.71,25.2,,0.44
5.166666667,0.96,25.2,,0.81
4.766666667,0.85,25.1,,0.86
5.25,1,25.3,,0.91
5.216666667,1.03,24.9,,0.96
5.233333333,0.38,25.1,,0.29
5.633333333,0.37,25.2,,0.42
6.083333333,0.25,25.1,,0.15
6.233333333,0.3,25.2,,0.27
5.366666667,0.8,24.7,,0.81
5.416666667,0.75,24.6,,0.77
5.433333333,0.66,25.2,,0.32
5.5,0.89,24.9,,0.89
5.45,0.85,24.4,,0.58
5.433333333,0.44,24.5,,0.15
5.483333333,0.33,23.8,,0.35
5.2,0.44,24.2,,0.27
5.633333333,0.49,24.3,,0.1
5.45,0.32,24.8,,0.12
5.5,1.53,24.1,,1.5
5.633333333,1.93,25,,1.82
5.516666667,1.02,24.2,,1.04
5.533333333,1.83,24,,1.82
5.133333333,1.37,25.5,,1.34
16.31666667,0.21,27,272,0.14
16.25,0.26,27.2,271,0.12
16.33333333,0.28,26.6,268,0.13
16.48333333,0.38,26.7,266,0.09
16.51666667,0.31,26.7,275,0.14
16.18333333,1.05,25.8,276,0.57
16.26666667,0.92,25.4,275,0.8
16.25,1.15,26.3,272,0.51
16.21666667,1.13,26,270,0.39
16.23333333,1.2,25.8,270,0.59
4.766666667,0.17,,,0.1
16.11666667,0.82,24.4,276,0.16
4.883333333,0.25,,,0.19
16.16666667,1.12,26.4,275,0.75
4.866666667,0.19,,,0.02
4.866666667,0.22,,,0.14
16.11666667,1.24,26.4,272,0.5
4.966666667,0.15,,,0.18
16.18333333,1.47,25.7,271,1.07
16.26666667,1.43,25.1,273,0.71
16.75,0.98,,,0.03
16.71666667,1.2,,,0.11
16.05,0.84,26.7,277,0.45
16.73333333,0.91,,,0.11
16.03333333,0.87,27.6,273,0.64
16.75,1.13,,,0.45
16.11666667,0.81,27.5,272,0.64
16.63333333,1.24,,,0.48
16.31666667,0.56,,,0.52
16.1,0.88,25.9,275,0.48
16.35,0.57,,,0.06
16.13333333,0.79,24.2,277,0.38
16.33333333,0.7,,,0.65
16.28333333,0.72,,,0.41
16.45,0.78,,,0.45
16.5,1.61,,,1.15
16.55,1.51,,,1.09
16.61666667,1.36,,,1.36
6,0.58,23.7,270,0.29
16.76666667,1.52,,,1.18
5.983333333,0.76,23,271,0.32
5.9,0.75,23.9,271,0.41
15.96666667,1.38,,,0.09
6.066666667,0.9,22.3,272,0.5
6.15,0.88,22.9,272,0.61
15.98333333,1.17,,,0.54
16.06666667,1.1,,,0.05
16.08333333,1.38,,,0.67
16.1,1.35,,,1.18
5.55,1.01,,,0.67
5.533333333,0.96,,,0.71
5.466666667,0.76,,,0.61
5.566666667,0.95,,,0.48
5.583333333,0.8,,,0.65
5.266666667,0.13,,,0.07
5.283333333,0.28,,,0.16
5.2,0.64,,,0.33
5.25,0.72,,,0.37
5.2,0.31,,,0.08
5.433333333,0.26,,,0.03
5.433333333,0.21,,,0.08
5.366666667,0.28,,,0.06
5.316666667,0.43,,,0.11
5.266666667,0.38,,,0.06
5.25,0.28,,,0.01
5.266666667,0.55,,,0.01
5.283333333,0.55,,,0.13
5.283333333,0.52,,,0.2
5.466666667,0.21,,,0.11
5.466666667,0.36,,,0.03
5.416666667,0.43,,,0.13
5.383333333,0.4,,,0.1
5.233333333,0.17,,,0.14
5.2,0.84,,,0.08
5.133333333,0.57,,,0.23
5.1,0.25,,,0.09
5,0.27,,,0.23
